Channel,Test number,Voltage,Current,Temperature
1,10,0.0,-0.64,25.0
1,11,0.0,-0.68,25.0
1,12,0.0,-0.68,25.0
1,13,0.0,-0.72,25.0
1,14,0.0,-0.76,25.0
1,15,0.0,-0.64,25.0
1,16,0.0,-0.68,25.0
1,17,0.0,-0.72,25.0
1,18,0.0,-0.6,25.0
1,19,0.0,-0.64,25.0
1,110,0.0,-0.72,25.0
1,111,0.0,-0.64,25.0
1,112,0.0,-0.76,25.0
1,113,0.0,-0.72,25.0
1,114,0.0,-0.72,25.0
1,115,0.0,-0.64,25.0
1,116,0.0,-0.72,25.0
1,117,0.0,-0.68,25.0
1,118,0.0,-0.68,25.0
1,119,0.0,-0.6,25.0
1,120,0.0,-0.68,25.0
1,121,0.0,-0.68,25.0
1,122,0.0,-0.72,25.0
1,123,0.0,-0.72,25.0
1,124,0.0,-0.68,25.0
1,125,0.0,-0.68,25.0
1,126,0.0,-0.72,25.0
1,127,0.0,-0.72,25.0
1,128,0.0,-0.64,25.0
1,129,0.0,-0.68,25.0
1,130,0.0,-0.6,25.0
1,131,0.0,-0.68,25.0
1,132,0.0,-0.72,25.0
1,133,0.0,-0.68,25.0
1,134,0.0,-0.72,25.0
1,135,0.0,-0.68,25.0
1,136,0.0,-0.64,25.0
1,137,0.0,-0.68,25.0
1,138,0.0,-0.56,25.0
1,139,0.0,-0.72,25.0
1,140,0.0,-0.68,25.0
1,141,0.0,-0.72,25.0
1,142,0.0,-0.72,25.0
1,143,0.0,-0.6,25.0
1,144,0.0,-0.64,25.0
1,145,0.0,-0.72,25.0
1,146,0.0,-0.72,25.0
1,147,0.0,-0.72,25.0
1,148,0.0,-0.64,25.0
1,149,0.0,-0.68,25.0
1,150,0.0,-0.68,25.0
1,151,0.0,-0.64,25.0
1,152,0.0,-0.72,25.0
1,153,0.0,-0.72,25.0
1,154,0.0,-0.68,25.0
1,155,0.0,-0.72,25.0
1,156,0.0,-0.72,25.0
1,157,0.0,-0.72,25.0
1,158,0.0,-0.72,25.0
1,159,0.0,-0.64,25.0
1,160,0.0,-0.64,25.0
1,161,0.0,-0.64,25.0
1,162,0.0,-0.72,25.0
1,163,0.0,-0.68,25.0
1,164,0.0,-0.68,25.0
1,165,0.0,-0.76,25.0
1,166,0.0,-0.72,25.0
1,167,0.0,-0.68,25.0
1,168,0.0,-0.72,25.0
1,169,0.0,-0.64,25.0
1,170,0.0,-0.68,25.0
1,171,0.0,-0.76,25.0
1,172,0.0,-0.68,25.0
1,173,0.0,-0.68,25.0
1,174,0.0,-0.72,25.0
1,175,0.0,-0.68,25.0
1,176,0.0,-0.56,25.0
1,177,0.0,-0.76,25.0
1,178,0.0,-0.72,25.0
1,179,0.0,-0.72,25.0
1,180,0.0,-0.64,25.0
1,181,0.0,-0.72,25.0
1,182,0.0,-0.72,25.0
1,183,0.0,-0.64,25.0
1,184,0.0,-0.64,25.0
1,185,0.0,-0.6,25.0
1,186,0.0,-0.76,25.0
1,187,0.0,-0.6,25.0
1,188,0.0,-0.72,25.0
1,189,0.0,-0.64,25.0
1,190,0.0,-0.72,25.0
1,191,0.0,-0.64,25.0
1,192,0.0,-0.68,25.0
1,193,0.0,-0.68,25.0
1,194,0.0,-0.68,25.0
1,195,0.0,-0.76,25.0
1,196,0.0,-0.76,25.0
1,197,0.0,-0.68,25.0
1,198,0.0,-0.72,25.0
1,199,0.0,-0.68,25.0
1,1100,0.0,-0.68,25.0
1,1101,0.0,-0.64,25.0
1,1102,0.0,-0.64,25.0
1,1103,0.0,-0.76,25.0
1,1104,0.0,-0.68,25.0
1,1105,0.0,-0.68,25.0
1,1106,0.0,-0.68,25.0
1,1107,0.0,-0.64,25.0
1,1108,0.0,-0.68,25.0
1,1109,0.0,-0.68,25.0
1,1110,0.0,-0.64,25.0
1,1111,0.0,-0.68,25.0
1,1112,0.0,-0.76,25.0
1,1113,0.0,-0.64,25.0
1,1114,0.0,-0.64,25.0
1,1115,0.0,-0.64,25.0
1,1116,0.0,-0.68,25.0
1,1117,0.0,-0.72,25.0
1,1118,0.0,-0.64,25.0
1,1119,0.0,-0.64,25.0
1,1120,0.0,-0.72,25.0
1,1121,0.0,-0.68,25.0
1,1122,0.0,-0.6,25.0
1,1123,0.0,-0.64,25.0
1,1124,0.0,-0.6,25.0
1,1125,0.0,-0.72,25.0
1,1126,0.0,-0.56,25.0
1,1127,0.0,-0.68,25.0
1,1128,0.0,-0.76,25.0
1,1129,0.0,-0.68,25.0
1,1130,0.0,-0.64,25.0
1,1131,0.0,-0.64,25.0
1,1132,0.0,-0.64,25.0
1,1133,0.0,-0.68,25.0
1,1134,0.0,-0.64,25.0
1,1135,0.0,-0.68,25.0
1,1136,0.0,-0.6,25.0
1,1137,0.0,-0.72,25.0
1,1138,0.0,-0.72,25.0
1,1139,0.0,-0.64,25.0
1,1140,0.0,-0.68,25.0
1,1141,0.0,-0.72,25.0
1,1142,0.0,-0.64,25.0
1,1143,0.0,-0.68,25.0
1,1144,0.0,-0.68,25.0
1,1145,0.0,-0.68,25.0
1,1146,0.0,-0.68,25.0
1,1147,0.0,-0.68,25.0
1,1148,0.0,-0.64,25.0
1,1149,0.0,-0.64,25.0
1,1150,0.0,-0.72,25.0
1,1151,0.0,-0.68,25.0
1,1152,0.0,-0.76,25.0
1,1153,0.0,-0.68,25.0
1,1154,0.0,-0.72,25.0
1,1155,0.0,-0.76,25.0
1,1156,0.0,-0.64,25.0
1,1157,0.0,-0.6,25.0
1,1158,0.0,-0.64,25.0
1,1159,0.0,-0.64,25.0
1,1160,0.0,-0.68,25.0
1,1161,0.0,-0.76,25.0
1,1162,0.0,-0.64,25.0
1,1163,0.0,-0.72,25.0
1,1164,0.0,-0.72,25.0
1,1165,0.0,-0.68,25.0
1,1166,0.0,-0.6,25.0
1,1167,0.0,-0.72,25.0
1,1168,0.0,-0.6,25.0
1,1169,0.0,-0.68,25.0
1,1170,0.0,-0.72,25.0
1,1171,0.0,-0.64,25.0
1,1172,0.0,-0.64,25.0
1,1173,0.0,-0.64,25.0
1,1174,0.0,-0.76,25.0
1,1175,0.0,-0.68,25.0
1,1176,0.0,-0.64,25.0
1,1177,0.0,-0.64,25.0
1,1178,0.0,-0.68,25.0
1,1179,0.0,-0.68,25.0
1,1180,0.0,-0.6,25.0
1,1181,0.0,-0.72,25.0
1,1182,0.0,-0.68,25.0
1,1183,0.0,-0.64,25.0
1,1184,0.0,-0.68,25.0
1,1185,0.0,-0.64,25.0
1,1186,0.0,-0.68,25.0
1,1187,0.0,-0.68,25.0
1,1188,0.0,-0.64,25.0
1,1189,0.0,-0.68,25.0
1,1190,0.0,-0.6,25.0
1,1191,0.0,-0.68,25.0
1,1192,0.0,-0.64,25.0
1,1193,0.0,-0.64,25.0
1,1194,0.0,-0.64,25.0
1,1195,0.0,-0.64,25.0
1,1196,0.0,-0.64,25.0
1,1197,0.0,-0.72,25.0
1,1198,0.0,-0.72,25.0
1,1199,0.0,-0.76,25.0
1,1200,0.0,-0.64,25.0
1,1201,0.0,-0.68,25.0
1,1202,0.0,-0.64,25.0
1,1203,0.0,-0.68,25.0
1,1204,0.0,-0.68,25.0
1,1205,0.0,-0.72,25.0
1,1206,0.0,-0.72,25.0
1,1207,0.0,-0.64,25.0
1,1208,0.0,-0.68,25.0
1,1209,0.0,-0.64,25.0
1,1210,0.0,-0.68,25.0
1,1211,0.0,-0.6,25.0
1,1212,0.0,-0.68,25.0
1,1213,0.0,-0.64,25.0
1,1214,0.0,-0.76,25.0
1,1215,0.0,-0.76,25.0
1,1216,0.0,-0.68,25.0
1,1217,0.0,-0.8,25.0
1,1218,0.0,-0.64,25.0
1,1219,0.0,-0.68,25.0
1,1220,0.0,-0.76,25.0
1,1221,0.0,-0.72,25.0
1,1222,0.0,-0.64,25.0
1,1223,0.0,-0.72,25.0
1,1224,0.0,-0.68,25.0
1,1225,0.0,-0.68,25.0
1,1226,0.0,-0.6,25.0
1,1227,0.0,-0.68,25.0
1,1228,0.0,-0.72,25.0
1,1229,0.0,-0.68,25.0
1,1230,0.0,-0.72,25.0
1,1231,0.0,-0.68,25.0
1,1232,0.0,-0.76,25.0
1,1233,0.0,-0.68,25.0
1,1234,0.0,-0.72,25.0
1,1235,0.0,-0.68,25.0
1,1236,0.0,-0.72,25.0
1,1237,0.0,-0.68,25.0
1,1238,0.0,-0.72,25.0
1,1239,0.0,-0.64,25.0
1,1240,0.0,-0.6,25.0
1,1241,0.0,-0.76,25.0
1,1242,0.0,-0.76,25.0
1,1243,0.0,-0.72,25.0
1,1244,0.0,-0.64,25.0
1,1245,0.0,-0.72,25.0
1,1246,0.0,-0.76,25.0
1,1247,0.0,-0.64,25.0
1,1248,0.0,-0.72,25.0
1,1249,0.0,-0.72,25.0
1,1250,0.0,-0.6,25.0
1,1251,0.0,-0.64,25.0
1,1252,0.0,-0.68,25.0
1,1253,0.0,-0.72,25.0
1,1254,0.0,-0.68,25.0
1,1255,0.0,-0.72,25.0
1,1256,0.0,-0.64,25.0
1,1257,0.0,-0.64,25.0
1,1258,0.0,-0.76,25.0
1,1259,0.0,-0.68,25.0
1,1260,0.0,-0.68,25.0
1,1261,0.0,-0.72,25.0
1,1262,0.0,-0.64,25.0
1,1263,0.0,-0.68,25.0
1,1264,0.0,-0.8,25.0
1,1265,0.0,-0.68,25.0
1,1266,0.0,-0.68,25.0
1,1267,0.0,-0.68,25.0
1,1268,0.0,-0.72,25.0
1,1269,0.0,-0.72,25.0
1,1270,0.0,-0.72,25.0
1,1271,0.0,-0.72,25.0
1,1272,0.0,-0.56,25.0
1,1273,0.0,-0.68,25.0
1,1274,0.0,-0.68,25.0
1,1275,0.0,-0.76,25.0
1,1276,0.0,-0.64,25.0
1,1277,0.0,-0.6,25.0
1,1278,0.0,-0.56,25.0
1,1279,0.0,-0.76,25.0
1,1280,0.0,-0.76,25.0
1,1281,0.0,-0.68,25.0
1,1282,0.0,-0.68,25.0
1,1283,0.0,-0.76,25.0
1,1284,0.0,-0.68,25.0
1,1285,0.0,-0.76,25.0
1,1286,0.0,-0.72,25.0
1,1287,0.0,-0.68,25.0
1,1288,0.0,-0.68,25.0
1,1289,0.0,-0.64,25.0
1,1290,0.0,-0.72,25.0
1,1291,0.0,-0.68,25.0
1,1292,0.0,-0.72,25.0
1,1293,0.0,-0.72,25.0
1,1294,0.0,-0.56,25.0
1,1295,0.0,-0.64,25.0
1,1296,0.0,-0.72,25.0
1,1297,0.0,-0.76,25.0
1,1298,0.0,-0.68,25.0
1,1299,0.0,-0.68,25.0
1,1300,0.0,-0.68,25.0
1,1301,0.0,-0.64,25.0
1,1302,0.0,-0.72,25.0
1,1303,0.0,-0.64,25.0
1,1304,0.0,-0.68,25.0
1,1305,0.0,-0.72,25.0
1,1306,0.0,-0.64,25.0
1,1307,0.0,-0.72,25.0
1,1308,0.0,-0.64,25.0
1,1309,0.0,-0.72,25.0
1,1310,0.0,-0.72,25.0
1,1311,0.0,-0.68,25.0
1,1312,0.0,-0.64,25.0
1,1313,0.0,-0.68,25.0
1,1314,0.0,-0.68,25.0
1,1315,0.0,-0.68,25.0
1,1316,0.0,-0.68,25.0
1,1317,0.0,-0.68,25.0
1,1318,0.0,-0.72,25.0
1,1319,0.0,-0.64,25.0
1,1320,0.0,-0.64,25.0
1,1321,0.0,-0.68,25.0
1,1322,0.0,-0.64,25.0
1,1323,0.0,-0.68,25.0
1,1324,0.0,-0.68,25.0
1,1325,0.0,-0.68,25.0
1,1326,0.0,-0.64,25.0
1,1327,0.0,-0.72,25.0
1,1328,0.0,-0.6,25.0
1,1329,0.0,-0.68,25.0
1,1330,0.0,-0.68,25.0
1,1331,0.0,-0.6,25.0
1,1332,0.0,-0.64,25.0
1,1333,0.0,-0.72,25.0
1,1334,0.0,-0.64,25.0
1,1335,0.0,-0.64,25.0
1,1336,0.0,-0.68,25.0
1,1337,0.0,-0.6,25.0
1,1338,0.0,-0.64,25.0
1,1339,0.0,-0.72,25.0
1,1340,0.0,-0.56,25.0
1,1341,0.0,-0.64,25.0
1,1342,0.0,-0.64,25.0
1,1343,0.0,-0.68,25.0
1,1344,0.0,-0.72,25.0
1,1345,0.0,-0.64,25.0
1,1346,0.0,-0.68,25.0
1,1347,0.0,-0.72,25.0
1,1348,0.0,-0.72,25.0
1,1349,0.0,-0.68,25.0
1,1350,0.0,-0.72,25.0
1,1351,0.0,-0.64,25.0
1,1352,0.0,-0.64,25.0
1,1353,0.0,-0.68,25.0
1,1354,0.0,-0.64,25.0
1,1355,0.0,-0.72,25.0
1,1356,0.0,-0.68,25.0
1,1357,0.0,-0.6,25.0
1,1358,0.0,-0.72,25.0
1,1359,0.0,-0.76,25.0
1,1360,0.0,-0.64,25.0
1,1361,0.0,-0.72,25.0
1,1362,0.0,-0.6,25.0
1,1363,0.0,-0.64,25.0
1,1364,0.0,-0.68,25.0
1,1365,0.0,-0.68,25.0
1,1366,0.0,-0.68,25.0
1,1367,0.0,-0.68,25.0
1,1368,0.0,-0.64,25.0
1,1369,0.0,-0.76,25.0
1,1370,0.0,-0.64,25.0
1,1371,0.0,-0.68,25.0
1,1372,0.0,-0.68,25.0
1,1373,0.0,-0.6,25.0
1,1374,0.0,-0.72,25.0
1,1375,0.0,-0.64,25.0
1,1376,0.0,-0.64,25.0
1,1377,0.0,-0.68,25.0
1,1378,0.0,-0.64,25.0
1,1379,0.0,-0.68,25.0
1,1380,0.0,-0.68,25.0
1,1381,0.0,-0.64,25.0
1,1382,0.0,-0.68,25.0
1,1383,0.0,-0.6,25.0
1,1384,0.0,-0.68,25.0
1,1385,0.0,-0.68,25.0
1,1386,0.0,-0.84,25.0
1,1387,0.0,-0.72,25.0
1,1388,0.0,-0.64,25.0
1,1389,0.0,-0.64,25.0
1,1390,0.0,-0.8,25.0
1,1391,0.0,-0.6,25.0
1,1392,0.0,-0.64,25.0
1,1393,0.0,-0.72,25.0
1,1394,0.0,-0.68,25.0
1,1395,0.0,-0.64,25.0
1,1396,0.0,-0.6,25.0
1,1397,0.0,-0.68,25.0
1,1398,0.0,-0.72,25.0
1,1399,0.0,-0.64,25.0
1,1400,0.0,-0.68,25.0
1,1401,0.0,-0.76,25.0
1,1402,0.0,-0.68,25.0
1,1403,0.0,-0.72,25.0
1,1404,0.0,-0.6,25.0
1,1405,0.0,-0.72,25.0
1,1406,0.0,-0.64,25.0
1,1407,0.0,-0.68,25.0
1,1408,0.0,-0.72,25.0
1,1409,0.0,-0.68,25.0
1,1410,0.0,-0.68,25.0
1,1411,0.0,-0.64,25.0
1,1412,0.0,-0.6,25.0
1,1413,0.0,-0.64,25.0
1,1414,0.0,-0.72,25.0
1,1415,0.0,-0.68,25.0
1,1416,0.0,-0.68,25.0
1,1417,0.0,-0.64,25.0
1,1418,0.0,-0.72,25.0
1,1419,0.0,-0.72,25.0
1,1420,0.0,-0.68,25.0
1,1421,0.0,-0.64,25.0
1,1422,0.0,-0.68,25.0
1,1423,0.0,-0.68,25.0
1,1424,0.0,-0.68,25.0
1,1425,0.0,-0.68,25.0
1,1426,0.0,-0.64,25.0
1,1427,0.0,-0.72,25.0
1,1428,0.0,-0.68,25.0
1,1429,0.0,-0.68,25.0
1,1430,0.0,-0.72,25.0
1,1431,0.0,-0.64,25.0
1,1432,0.0,-0.68,25.0
1,1433,0.0,-0.68,25.0
1,1434,0.0,-0.72,25.0
1,1435,0.0,-0.72,25.0
1,1436,0.0,-0.6,25.0
1,1437,0.0,-0.68,25.0
1,1438,0.0,-0.68,25.0
1,1439,0.0,-0.64,25.0
1,1440,0.0,-0.68,25.0
1,1441,0.0,-0.76,25.0
1,1442,0.0,-0.76,25.0
1,1443,0.0,-0.64,25.0
1,1444,0.0,-0.72,25.0
1,1445,0.0,-0.68,25.0
1,1446,0.0,-0.72,25.0
1,1447,0.0,-0.68,25.0
1,1448,0.0,-0.68,25.0
1,1449,0.0,-0.68,25.0
1,1450,0.0,-0.72,25.0
1,1451,0.0,-0.68,25.0
1,1452,0.0,-0.76,25.0
1,1453,0.0,-0.72,25.0
1,1454,0.0,-0.72,25.0
1,1455,0.0,-0.72,25.0
1,1456,0.0,-0.6,25.0
1,1457,0.0,-0.68,25.0
1,1458,0.0,-0.64,25.0
1,1459,0.0,-0.72,25.0
1,1460,0.0,-0.68,25.0
1,1461,0.0,-0.64,25.0
1,1462,0.0,-0.68,25.0
1,1463,0.0,-0.68,25.0
1,1464,0.0,-0.72,25.0
1,1465,0.0,-0.6,25.0
1,1466,0.0,-0.68,25.0
1,1467,0.0,-0.6,25.0
1,1468,0.0,-0.68,25.0
1,1469,0.0,-0.64,25.0
1,1470,0.0,-0.68,25.0
1,1471,0.0,-0.68,25.0
1,1472,0.0,-0.68,25.0
1,1473,0.0,-0.68,25.0
1,1474,0.0,-0.64,25.0
1,1475,0.0,-0.76,25.0
1,1476,0.0,-0.68,25.0
1,1477,0.0,-0.72,25.0
1,1478,0.0,-0.72,25.0
1,1479,0.0,-0.64,25.0
1,1480,0.0,-0.64,25.0
1,1481,0.0,-0.68,25.0
1,1482,0.0,-0.8,25.0
1,1483,0.0,-0.68,25.0
1,1484,0.0,-0.72,25.0
1,1485,0.0,-0.64,25.0
1,1486,0.0,-0.64,25.0
1,1487,0.0,-0.72,25.0
1,1488,0.0,-0.64,25.0
1,1489,0.0,-0.56,25.0
1,1490,0.0,-0.68,25.0
1,1491,0.0,-0.64,25.0
1,1492,0.0,-0.64,25.0
1,1493,0.0,-0.64,25.0
1,1494,0.0,-0.72,25.0
1,1495,0.0,-0.64,25.0
1,1496,0.0,-0.6,25.0
1,1497,0.0,-0.64,25.0
1,1498,0.0,-0.68,25.0
1,1499,0.0,-0.64,25.0
1,1500,0.0,-0.68,25.0
1,1501,0.0,-0.68,25.0
1,1502,0.0,-0.72,25.0
1,1503,0.0,-0.76,25.0
1,1504,0.0,-0.64,25.0
1,1505,0.0,-0.68,25.0
1,1506,0.0,-0.64,25.0
1,1507,0.0,-0.68,25.0
1,1508,0.0,-0.72,25.0
1,1509,0.0,-0.68,25.0
1,1510,0.0,-0.64,25.0
1,1511,0.0,-0.72,25.0
1,1512,0.0,-0.68,25.0
1,1513,0.0,-0.6,25.0
1,1514,0.0,-0.64,25.0
1,1515,0.0,-0.6,25.0
1,1516,0.0,-0.68,25.0
1,1517,0.0,-0.6,25.0
1,1518,0.0,-0.6,25.0
1,1519,0.0,-0.64,25.0
1,1520,0.0,-0.68,25.0
1,1521,0.0,-0.64,25.0
1,1522,0.0,-0.68,25.0
1,1523,0.0,-0.68,25.0
1,1524,0.0,-0.64,25.0
1,1525,0.0,-0.76,25.0
1,1526,0.0,-0.6,25.0
1,1527,0.0,-0.72,25.0
1,1528,0.0,-0.68,25.0
1,1529,0.0,-0.6,25.0
1,1530,0.0,-0.72,25.0
1,1531,0.0,-0.72,25.0
1,1532,0.0,-0.68,25.0
1,1533,0.0,-0.68,25.0
1,1534,0.0,-0.64,25.0
1,1535,0.0,-0.68,25.0
1,1536,0.0,-0.64,25.0
1,1537,0.0,-0.64,25.0
1,1538,0.0,-0.8,25.0
1,1539,0.0,-0.64,25.0
1,1540,0.0,-0.68,25.0
1,1541,0.0,-0.68,25.0
1,1542,0.0,-0.6,25.0
1,1543,0.0,-0.6,25.0
1,1544,0.0,-0.64,25.0
1,1545,0.0,-0.64,25.0
1,1546,0.0,-0.72,25.0
1,1547,0.0,-0.68,25.0
1,1548,0.0,-0.64,25.0
1,1549,0.0,-0.72,25.0
1,1550,0.0,-0.76,25.0
1,1551,0.0,-0.64,25.0
1,1552,0.0,-0.6,25.0
1,1553,0.0,-0.64,25.0
1,1554,0.0,-0.68,25.0
1,1555,0.0,-0.72,25.0
1,1556,0.0,-0.72,25.0
1,1557,0.0,-0.76,25.0
1,1558,0.0,-0.68,25.0
1,1559,0.0,-0.76,25.0
1,1560,0.0,-0.76,25.0
1,1561,0.0,-0.68,25.0
1,1562,0.0,-0.64,25.0
1,1563,0.0,-0.64,25.0
1,1564,0.0,-0.6,25.0
1,1565,0.0,-0.72,25.0
1,1566,0.0,-0.6,25.0
1,1567,0.0,-0.68,25.0
1,1568,0.0,-0.64,25.0
1,1569,0.0,-0.64,25.0
1,1570,0.0,-0.64,25.0
1,1571,0.0,-0.72,25.0
1,1572,0.0,-0.72,25.0
1,1573,0.0,-0.72,25.0
1,1574,0.0,-0.72,25.0
1,1575,0.0,-0.64,25.0
1,1576,0.0,-0.68,25.0
1,1577,0.0,-0.72,25.0
1,1578,0.0,-0.68,25.0
1,1579,0.0,-0.72,25.0
1,1580,0.0,-0.68,25.0
1,1581,0.0,-0.68,25.0
1,1582,0.0,-0.64,25.0
1,1583,0.0,-0.64,25.0
1,1584,0.0,-0.68,25.0
1,1585,0.0,-0.6,25.0
1,1586,0.0,-0.64,25.0
1,1587,0.0,-0.64,25.0
1,1588,0.0,-0.68,25.0
1,1589,0.0,-0.76,25.0
1,1590,0.0,-0.68,25.0
1,1591,0.0,-0.64,25.0
1,1592,0.0,-0.6,25.0
1,1593,0.0,-0.64,25.0
1,1594,0.0,-0.72,25.0
1,1595,0.0,-0.68,25.0
1,1596,0.0,-0.68,25.0
1,1597,0.0,-0.68,25.0
1,1598,0.0,-0.72,25.0
1,1599,0.0,-0.72,25.0
1,1600,0.0,-0.6,25.0
1,1601,0.0,-0.64,25.0
1,1602,0.0,-0.6,25.0
1,1603,0.0,-0.64,25.0
1,1604,0.0,-0.68,25.0
1,1605,0.0,-0.72,25.0
1,1606,0.0,-0.64,25.0
1,1607,0.0,-0.64,25.0
1,1608,0.0,-0.6,25.0
1,1609,0.0,-0.76,25.0
1,1610,0.0,-0.68,25.0
1,1611,0.0,-0.64,25.0
1,1612,0.0,-0.64,25.0
1,1613,0.0,-0.64,25.0
1,1614,0.0,-0.76,25.0
1,1615,0.0,-0.72,25.0
1,1616,0.0,-0.68,25.0
1,1617,0.0,-0.68,25.0
1,1618,0.0,-0.6,25.0
1,1619,0.0,-0.68,25.0
1,1620,0.0,-0.72,25.0
1,1621,0.0,-0.68,25.0
1,1622,0.0,-0.72,25.0
1,1623,0.0,-0.6,25.0
1,1624,0.0,-0.56,25.0
1,1625,0.0,-0.72,25.0
1,1626,0.0,-0.64,25.0
1,1627,0.0,-0.76,25.0
1,1628,0.0,-0.6,25.0
1,1629,0.0,-0.64,25.0
1,1630,0.0,-0.6,25.0
1,1631,0.0,-0.64,25.0
1,1632,0.0,-0.68,25.0
1,1633,0.0,-0.72,25.0
1,1634,0.0,-0.72,25.0
1,1635,0.0,-0.68,25.0
1,1636,0.0,-0.72,25.0
1,1637,0.0,-0.68,25.0
1,1638,0.0,-0.76,25.0
1,1639,0.0,-0.68,25.0
1,1640,0.0,-0.68,25.0
1,1641,0.0,-0.76,25.0
1,1642,0.0,-0.64,25.0
1,1643,0.0,-0.6,25.0
1,1644,0.0,-0.72,25.0
1,1645,0.0,-0.72,25.0
1,1646,0.0,-0.72,25.0
1,1647,0.0,-0.6,25.0
1,1648,0.0,-0.68,25.0
1,1649,0.0,-0.64,25.0
1,1650,0.0,-0.72,25.0
1,1651,0.0,-0.72,25.0
1,1652,0.0,-0.6,25.0
1,1653,0.0,-0.68,25.0
1,1654,0.0,-0.76,25.0
1,1655,0.0,-0.64,25.0
1,1656,0.0,-0.68,25.0
1,1657,0.0,-0.72,25.0
1,1658,0.0,-0.68,25.0
1,1659,0.0,-0.68,25.0
1,1660,0.0,-0.72,25.0
1,1661,0.0,-0.68,25.0
1,1662,0.0,-0.6,25.0
1,1663,0.0,-0.72,25.0
1,1664,0.0,-0.68,25.0
1,1665,0.0,-0.64,25.0
1,1666,0.0,-0.68,25.0
1,1667,0.0,-0.68,25.0
1,1668,0.0,-0.64,25.0
1,1669,0.0,-0.64,25.0
1,1670,0.0,-0.76,25.0
1,1671,0.0,-0.64,25.0
1,1672,0.0,-0.68,25.0
1,1673,0.0,-0.68,25.0
1,1674,0.0,-0.72,25.0
1,1675,0.0,-0.64,25.0
1,1676,0.0,-0.68,25.0
1,1677,0.0,-0.76,25.0
1,1678,0.0,-0.56,25.0
1,1679,0.0,-0.72,25.0
1,1680,0.0,-0.72,25.0
1,1681,0.0,-0.72,25.0
1,1682,0.0,-0.64,25.0
1,1683,0.0,-0.72,25.0
1,1684,0.0,-0.72,25.0
1,1685,0.0,-0.68,25.0
1,1686,0.0,-0.8,25.0
1,1687,0.0,-0.68,25.0
1,1688,0.0,-0.72,25.0
1,1689,0.0,-0.72,25.0
1,1690,0.0,-0.68,25.0
1,1691,0.0,-0.68,25.0
1,1692,0.0,-0.64,25.0
1,1693,0.0,-0.64,25.0
1,1694,0.0,-0.64,25.0
1,1695,0.0,-0.64,25.0
1,1696,0.0,-0.68,25.0
1,1697,0.0,-0.6,25.0
1,1698,0.0,-0.64,25.0
1,1699,0.0,-0.64,25.0
1,1700,0.0,-0.68,25.0
1,1701,0.0,-0.64,25.0
1,1702,0.0,-0.68,25.0
1,1703,0.0,-0.64,25.0
1,1704,0.0,-0.72,25.0
1,1705,0.0,-0.68,25.0
1,1706,0.0,-0.68,25.0
1,1707,0.0,-0.64,25.0
1,1708,0.0,-0.72,25.0
1,1709,0.0,-0.76,25.0
1,1710,0.0,-0.68,25.0
1,1711,0.0,-0.76,25.0
1,1712,0.0,-0.68,25.0
1,1713,0.0,-0.68,25.0
1,1714,0.0,-0.72,25.0
1,1715,0.0,-0.68,25.0
1,1716,0.0,-0.68,25.0
1,1717,0.0,-0.68,25.0
1,1718,0.0,-0.68,25.0
1,1719,0.0,-0.56,25.0
1,1720,0.0,-0.68,25.0
1,1721,0.0,-0.72,25.0
1,1722,0.0,-0.64,25.0
1,1723,0.0,-0.76,25.0
1,1724,0.0,-0.68,25.0
1,1725,0.0,-0.64,25.0
1,1726,0.0,-0.72,25.0
1,1727,0.0,-0.8,25.0
1,1728,0.0,-0.72,25.0
1,1729,0.0,-0.68,25.0
1,1730,0.0,-0.6,25.0
1,1731,0.0,-0.64,25.0
1,1732,0.0,-0.68,25.0
1,1733,0.0,-0.64,25.0
1,1734,0.0,-0.64,25.0
1,1735,0.0,-0.68,25.0
1,1736,0.0,-0.8,25.0
1,1737,0.0,-0.76,25.0
1,1738,0.0,-0.64,25.0
1,1739,0.0,-0.64,25.0
1,1740,0.0,-0.64,25.0
1,1741,0.0,-0.68,25.0
1,1742,0.0,-0.6,25.0
1,1743,0.0,-0.72,25.0
1,1744,0.0,-0.64,25.0
1,1745,0.0,-0.68,25.0
1,1746,0.0,-0.72,25.0
1,1747,0.0,-0.68,25.0
1,1748,0.0,-0.64,25.0
1,1749,0.0,-0.68,25.0
1,1750,0.0,-0.72,25.0
1,1751,0.0,-0.8,25.0
1,1752,0.0,-0.72,25.0
1,1753,0.0,-0.76,25.0
1,1754,0.0,-0.68,25.0
1,1755,0.0,-0.72,25.0
1,1756,0.0,-0.68,25.0
1,1757,0.0,-0.72,25.0
1,1758,0.0,-0.68,25.0
1,1759,0.0,-0.64,25.0
1,1760,0.0,-0.64,25.0
1,1761,0.0,-0.68,25.0
1,1762,0.0,-0.68,25.0
1,1763,0.0,-0.68,25.0
1,1764,0.0,-0.72,25.0
1,1765,0.0,-0.72,25.0
1,1766,0.0,-0.68,25.0
1,1767,0.0,-0.68,25.0
1,1768,0.0,-0.68,25.0
1,1769,0.0,-0.8,25.0
1,1770,0.0,-0.68,25.0
1,1771,0.0,-0.68,25.0
1,1772,0.0,-0.64,25.0
1,1773,0.0,-0.68,25.0
1,1774,0.0,-0.64,25.0
1,1775,0.0,-0.72,25.0
1,1776,0.0,-0.72,25.0
1,1777,0.0,-0.72,25.0
1,1778,0.0,-0.68,25.0
1,1779,0.0,-0.68,25.0
1,1780,0.0,-0.68,25.0
1,1781,0.0,-0.64,25.0
1,1782,0.0,-0.8,25.0
1,1783,0.0,-0.72,25.0
1,1784,0.0,-0.64,25.0
1,1785,0.0,-0.72,25.0
2,20,0.0,-0.56,26.0
2,21,0.0,-0.52,26.0
2,22,0.0,-0.68,26.0
2,23,0.0,-0.64,26.0
2,24,0.0,-0.72,26.0
2,25,0.0,-0.6,26.0
2,26,0.0,-0.68,26.0
2,27,0.0,-0.48,26.0
2,28,0.0,-0.6,26.0
2,29,0.0,-0.6,26.0
2,210,0.0,-0.68,26.0
2,211,0.0,-0.6,26.0
2,212,0.0,-0.68,26.0
2,213,0.0,-0.68,26.0
2,214,0.0,-0.68,26.0
2,215,0.0,-0.68,26.0
2,216,0.0,-0.72,26.0
2,217,0.0,-0.6,26.0
2,218,0.0,-0.6,26.0
2,219,0.0,-0.64,26.0
2,220,0.0,-0.72,26.0
2,221,0.0,-0.6,26.0
2,222,0.0,-0.72,26.0
2,223,0.0,-0.56,26.0
2,224,0.0,-0.64,26.0
2,225,0.0,-0.68,26.0
2,226,0.0,-0.68,26.0
2,227,0.0,-0.64,26.0
2,228,0.0,-0.6,26.0
2,229,0.0,-0.64,26.0
2,230,0.0,-0.56,26.0
2,231,0.0,-0.68,26.0
2,232,0.0,-0.6,26.0
2,233,0.0,-0.64,26.0
2,234,0.0,-0.68,26.0
2,235,0.0,-0.68,26.0
2,236,0.0,-0.68,26.0
2,237,0.0,-0.68,26.0
2,238,0.0,-0.6,26.0
2,239,0.0,-0.64,26.0
2,240,0.0,-0.68,26.0
2,241,0.0,-0.72,26.0
2,242,0.0,-0.64,26.0
2,243,0.0,-0.6,26.0
2,244,0.0,-0.76,26.0
2,245,0.0,-0.6,26.0
2,246,0.0,-0.64,26.0
2,247,0.0,-0.64,26.0
2,248,0.0,-0.64,26.0
2,249,0.0,-0.6,26.0
2,250,0.0,-0.64,26.0
2,251,0.0,-0.6,26.0
2,252,0.0,-0.6,26.0
2,253,0.0,-0.52,26.0
2,254,0.0,-0.56,26.0
2,255,0.0,-0.64,26.0
2,256,0.0,-0.64,26.0
2,257,0.0,-0.64,26.0
2,258,0.0,-0.68,26.0
2,259,0.0,-0.72,26.0
2,260,0.0,-0.64,26.0
2,261,0.0,-0.64,26.0
2,262,0.0,-0.6,26.0
2,263,0.0,-0.6,26.0
2,264,0.0,-0.56,26.0
2,265,0.0,-0.68,26.0
2,266,0.0,-0.68,26.0
2,267,0.0,-0.6,26.0
2,268,0.0,-0.6,26.0
2,269,0.0,-0.6,26.0
2,270,0.0,-0.6,26.0
2,271,0.0,-0.64,26.0
2,272,0.0,-0.52,26.0
2,273,0.0,-0.76,26.0
2,274,0.0,-0.68,26.0
2,275,0.0,-0.56,26.0
2,276,0.0,-0.6,26.0
2,277,0.0,-0.6,26.0
2,278,0.0,-0.6,26.0
2,279,0.0,-0.56,26.0
2,280,0.0,-0.64,26.0
2,281,0.0,-0.56,26.0
2,282,0.0,-0.56,26.0
2,283,0.0,-0.64,26.0
2,284,0.0,-0.68,26.0
2,285,0.0,-0.6,26.0
2,286,0.0,-0.64,26.0
2,287,0.0,-0.6,26.0
2,288,0.0,-0.68,26.0
2,289,0.0,-0.6,26.0
2,290,0.0,-0.64,26.0
2,291,0.0,-0.6,26.0
2,292,0.0,-0.64,26.0
2,293,0.0,-0.6,26.0
2,294,0.0,-0.64,26.0
2,295,0.0,-0.64,26.0
2,296,0.0,-0.56,26.0
2,297,0.0,-0.68,26.0
2,298,0.0,-0.64,26.0
2,299,0.0,-0.68,26.0
2,2100,0.0,-0.6,26.0
2,2101,0.0,-0.64,26.0
2,2102,0.0,-0.68,26.0
2,2103,0.0,-0.68,26.0
2,2104,0.0,-0.56,26.0
2,2105,0.0,-0.64,26.0
2,2106,0.0,-0.64,26.0
2,2107,0.0,-0.6,26.0
2,2108,0.0,-0.64,26.0
2,2109,0.0,-0.6,26.0
2,2110,0.0,-0.64,26.0
2,2111,0.0,-0.6,26.0
2,2112,0.0,-0.64,26.0
2,2113,0.0,-0.56,26.0
2,2114,0.0,-0.64,26.0
2,2115,0.0,-0.68,26.0
2,2116,0.0,-0.68,26.0
2,2117,0.0,-0.64,26.0
2,2118,0.0,-0.68,26.0
2,2119,0.0,-0.6,26.0
2,2120,0.0,-0.64,26.0
2,2121,0.0,-0.72,26.0
2,2122,0.0,-0.64,26.0
2,2123,0.0,-0.6,26.0
2,2124,0.0,-0.72,26.0
2,2125,0.0,-0.64,26.0
2,2126,0.0,-0.6,26.0
2,2127,0.0,-0.64,26.0
2,2128,0.0,-0.64,26.0
2,2129,0.0,-0.64,26.0
2,2130,0.0,-0.6,26.0
2,2131,0.0,-0.64,26.0
2,2132,0.0,-0.6,26.0
2,2133,0.0,-0.6,26.0
2,2134,0.0,-0.68,26.0
2,2135,0.0,-0.64,26.0
2,2136,0.0,-0.64,26.0
2,2137,0.0,-0.64,26.0
2,2138,0.0,-0.64,26.0
2,2139,0.0,-0.6,26.0
2,2140,0.0,-0.6,26.0
2,2141,0.0,-0.68,26.0
2,2142,0.0,-0.64,26.0
2,2143,0.0,-0.6,26.0
2,2144,0.0,-0.64,26.0
2,2145,0.0,-0.68,26.0
2,2146,0.0,-0.64,26.0
2,2147,0.0,-0.64,26.0
2,2148,0.0,-0.68,26.0
2,2149,0.0,-0.6,26.0
2,2150,0.0,-0.68,26.0
2,2151,0.0,-0.64,26.0
2,2152,0.0,-0.68,26.0
2,2153,0.0,-0.6,26.0
2,2154,0.0,-0.64,26.0
2,2155,0.0,-0.6,26.0
2,2156,0.0,-0.64,26.0
2,2157,0.0,-0.6,26.0
2,2158,0.0,-0.68,26.0
2,2159,0.0,-0.64,26.0
2,2160,0.0,-0.72,26.0
2,2161,0.0,-0.68,26.0
2,2162,0.0,-0.6,26.0
2,2163,0.0,-0.64,26.0
2,2164,0.0,-0.56,26.0
2,2165,0.0,-0.64,26.0
2,2166,0.0,-0.6,26.0
2,2167,0.0,-0.68,26.0
2,2168,0.0,-0.64,26.0
2,2169,0.0,-0.64,26.0
2,2170,0.0,-0.6,26.0
2,2171,0.0,-0.72,26.0
2,2172,0.0,-0.64,26.0
2,2173,0.0,-0.6,26.0
2,2174,0.0,-0.64,26.0
2,2175,0.0,-0.68,26.0
2,2176,0.0,-0.64,26.0
2,2177,0.0,-0.6,26.0
2,2178,0.0,-0.64,26.0
2,2179,0.0,-0.56,26.0
2,2180,0.0,-0.64,26.0
2,2181,0.0,-0.64,26.0
2,2182,0.0,-0.56,26.0
2,2183,0.0,-0.64,26.0
2,2184,0.0,-0.56,26.0
2,2185,0.0,-0.56,26.0
2,2186,0.0,-0.56,26.0
2,2187,0.0,-0.68,26.0
2,2188,0.0,-0.64,26.0
2,2189,0.0,-0.68,26.0
2,2190,0.0,-0.68,26.0
2,2191,0.0,-0.64,26.0
2,2192,0.0,-0.6,26.0
2,2193,0.0,-0.64,26.0
2,2194,0.0,-0.6,26.0
2,2195,0.0,-0.72,26.0
2,2196,0.0,-0.56,26.0
2,2197,0.0,-0.64,26.0
2,2198,0.0,-0.6,26.0
2,2199,0.0,-0.64,26.0
2,2200,0.0,-0.56,26.0
2,2201,0.0,-0.68,26.0
2,2202,0.0,-0.56,26.0
2,2203,0.0,-0.6,26.0
2,2204,0.0,-0.64,26.0
2,2205,0.0,-0.72,26.0
2,2206,0.0,-0.6,26.0
2,2207,0.0,-0.68,26.0
2,2208,0.0,-0.76,26.0
2,2209,0.0,-0.64,26.0
2,2210,0.0,-0.56,26.0
2,2211,0.0,-0.76,26.0
2,2212,0.0,-0.6,26.0
2,2213,0.0,-0.68,26.0
2,2214,0.0,-0.64,26.0
2,2215,0.0,-0.56,26.0
2,2216,0.0,-0.64,26.0
2,2217,0.0,-0.6,26.0
2,2218,0.0,-0.64,26.0
2,2219,0.0,-0.6,26.0
2,2220,0.0,-0.68,26.0
2,2221,0.0,-0.6,26.0
2,2222,0.0,-0.6,26.0
2,2223,0.0,-0.6,26.0
2,2224,0.0,-0.64,26.0
2,2225,0.0,-0.56,26.0
2,2226,0.0,-0.64,26.0
2,2227,0.0,-0.6,26.0
2,2228,0.0,-0.6,26.0
2,2229,0.0,-0.64,26.0
2,2230,0.0,-0.68,26.0
2,2231,0.0,-0.68,26.0
2,2232,0.0,-0.68,26.0
2,2233,0.0,-0.6,26.0
2,2234,0.0,-0.68,26.0
2,2235,0.0,-0.6,26.0
2,2236,0.0,-0.68,26.0
2,2237,0.0,-0.64,26.0
2,2238,0.0,-0.6,26.0
2,2239,0.0,-0.64,26.0
2,2240,0.0,-0.64,26.0
2,2241,0.0,-0.56,26.0
2,2242,0.0,-0.64,26.0
2,2243,0.0,-0.6,26.0
2,2244,0.0,-0.68,26.0
2,2245,0.0,-0.6,26.0
2,2246,0.0,-0.6,26.0
2,2247,0.0,-0.64,26.0
2,2248,0.0,-0.56,26.0
2,2249,0.0,-0.52,26.0
2,2250,0.0,-0.64,26.0
2,2251,0.0,-0.6,26.0
2,2252,0.0,-0.64,26.0
2,2253,0.0,-0.64,26.0
2,2254,0.0,-0.72,26.0
2,2255,0.0,-0.6,26.0
2,2256,0.0,-0.6,26.0
2,2257,0.0,-0.6,26.0
2,2258,0.0,-0.68,26.0
2,2259,0.0,-0.56,26.0
2,2260,0.0,-0.68,26.0
2,2261,0.0,-0.6,26.0
2,2262,0.0,-0.68,26.0
2,2263,0.0,-0.6,26.0
2,2264,0.0,-0.68,26.0
2,2265,0.0,-0.6,26.0
2,2266,0.0,-0.6,26.0
2,2267,0.0,-0.64,26.0
2,2268,0.0,-0.68,26.0
2,2269,0.0,-0.6,26.0
2,2270,0.0,-0.6,26.0
2,2271,0.0,-0.64,26.0
2,2272,0.0,-0.64,26.0
2,2273,0.0,-0.56,26.0
2,2274,0.0,-0.6,26.0
2,2275,0.0,-0.68,26.0
2,2276,0.0,-0.56,26.0
2,2277,0.0,-0.64,26.0
2,2278,0.0,-0.6,26.0
2,2279,0.0,-0.64,26.0
2,2280,0.0,-0.56,26.0
2,2281,0.0,-0.64,26.0
2,2282,0.0,-0.56,26.0
2,2283,0.0,-0.6,26.0
2,2284,0.0,-0.64,26.0
2,2285,0.0,-0.56,26.0
2,2286,0.0,-0.68,26.0
2,2287,0.0,-0.68,26.0
2,2288,0.0,-0.6,26.0
2,2289,0.0,-0.6,26.0
2,2290,0.0,-0.56,26.0
2,2291,0.0,-0.64,26.0
2,2292,0.0,-0.64,26.0
2,2293,0.0,-0.6,26.0
2,2294,0.0,-0.68,26.0
2,2295,0.0,-0.64,26.0
2,2296,0.0,-0.68,26.0
2,2297,0.0,-0.64,26.0
2,2298,0.0,-0.64,26.0
2,2299,0.0,-0.6,26.0
2,2300,0.0,-0.64,26.0
2,2301,0.0,-0.64,26.0
2,2302,0.0,-0.6,26.0
2,2303,0.0,-0.64,26.0
2,2304,0.0,-0.6,26.0
2,2305,0.0,-0.6,26.0
2,2306,0.0,-0.6,26.0
2,2307,0.0,-0.64,26.0
2,2308,0.0,-0.6,26.0
2,2309,0.0,-0.6,26.0
2,2310,0.0,-0.68,26.0
2,2311,0.0,-0.56,26.0
2,2312,0.0,-0.68,26.0
2,2313,0.0,-0.68,26.0
2,2314,0.0,-0.6,26.0
2,2315,0.0,-0.6,26.0
2,2316,0.0,-0.6,26.0
2,2317,0.0,-0.6,26.0
2,2318,0.0,-0.6,26.0
2,2319,0.0,-0.6,26.0
2,2320,0.0,-0.6,26.0
2,2321,0.0,-0.6,26.0
2,2322,0.0,-0.64,26.0
2,2323,0.0,-0.68,26.0
2,2324,0.0,-0.6,26.0
2,2325,0.0,-0.64,26.0
2,2326,0.0,-0.64,26.0
2,2327,0.0,-0.56,26.0
2,2328,0.0,-0.56,26.0
2,2329,0.0,-0.6,26.0
2,2330,0.0,-0.68,26.0
2,2331,0.0,-0.64,26.0
2,2332,0.0,-0.68,26.0
2,2333,0.0,-0.64,26.0
2,2334,0.0,-0.68,26.0
2,2335,0.0,-0.6,26.0
2,2336,0.0,-0.56,26.0
2,2337,0.0,-0.64,26.0
2,2338,0.0,-0.56,26.0
2,2339,0.0,-0.68,26.0
2,2340,0.0,-0.6,26.0
2,2341,0.0,-0.56,26.0
2,2342,0.0,-0.6,26.0
2,2343,0.0,-0.64,26.0
2,2344,0.0,-0.6,26.0
2,2345,0.0,-0.64,26.0
2,2346,0.0,-0.56,26.0
2,2347,0.0,-0.64,26.0
2,2348,0.0,-0.64,26.0
2,2349,0.0,-0.72,26.0
2,2350,0.0,-0.64,26.0
2,2351,0.0,-0.6,26.0
2,2352,0.0,-0.64,26.0
2,2353,0.0,-0.68,26.0
2,2354,0.0,-0.6,26.0
2,2355,0.0,-0.68,26.0
2,2356,0.0,-0.68,26.0
2,2357,0.0,-0.68,26.0
2,2358,0.0,-0.52,26.0
2,2359,0.0,-0.72,26.0
2,2360,0.0,-0.6,26.0
2,2361,0.0,-0.6,26.0
2,2362,0.0,-0.64,26.0
2,2363,0.0,-0.56,26.0
2,2364,0.0,-0.6,26.0
2,2365,0.0,-0.6,26.0
2,2366,0.0,-0.72,26.0
2,2367,0.0,-0.64,26.0
2,2368,0.0,-0.64,26.0
2,2369,0.0,-0.64,26.0
2,2370,0.0,-0.68,26.0
2,2371,0.0,-0.6,26.0
2,2372,0.0,-0.68,26.0
2,2373,0.0,-0.6,26.0
2,2374,0.0,-0.64,26.0
2,2375,0.0,-0.72,26.0
2,2376,0.0,-0.64,26.0
2,2377,0.0,-0.6,26.0
2,2378,0.0,-0.64,26.0
2,2379,0.0,-0.6,26.0
2,2380,0.0,-0.72,26.0
2,2381,0.0,-0.64,26.0
2,2382,0.0,-0.68,26.0
2,2383,0.0,-0.56,26.0
2,2384,0.0,-0.68,26.0
2,2385,0.0,-0.72,26.0
2,2386,0.0,-0.64,26.0
2,2387,0.0,-0.64,26.0
2,2388,0.0,-0.64,26.0
2,2389,0.0,-0.6,26.0
2,2390,0.0,-0.6,26.0
2,2391,0.0,-0.6,26.0
2,2392,0.0,-0.64,26.0
2,2393,0.0,-0.68,26.0
2,2394,0.0,-0.56,26.0
2,2395,0.0,-0.64,26.0
2,2396,0.0,-0.64,26.0
2,2397,0.0,-0.64,26.0
2,2398,0.0,-0.64,26.0
2,2399,0.0,-0.64,26.0
2,2400,0.0,-0.56,26.0
2,2401,0.0,-0.68,26.0
2,2402,0.0,-0.6,26.0
2,2403,0.0,-0.52,26.0
2,2404,0.0,-0.64,26.0
2,2405,0.0,-0.6,26.0
2,2406,0.0,-0.56,26.0
2,2407,0.0,-0.6,26.0
2,2408,0.0,-0.64,26.0
2,2409,0.0,-0.72,26.0
2,2410,0.0,-0.64,26.0
2,2411,0.0,-0.64,26.0
2,2412,0.0,-0.56,26.0
2,2413,0.0,-0.6,26.0
2,2414,0.0,-0.68,26.0
2,2415,0.0,-0.64,26.0
2,2416,0.0,-0.64,26.0
2,2417,0.0,-0.68,26.0
2,2418,0.0,-0.6,26.0
2,2419,0.0,-0.56,26.0
2,2420,0.0,-0.64,26.0
2,2421,0.0,-0.6,26.0
2,2422,0.0,-0.64,26.0
2,2423,0.0,-0.64,26.0
2,2424,0.0,-0.64,26.0
2,2425,0.0,-0.68,26.0
2,2426,0.0,-0.68,26.0
2,2427,0.0,-0.6,26.0
2,2428,0.0,-0.6,26.0
2,2429,0.0,-0.56,26.0
2,2430,0.0,-0.52,26.0
2,2431,0.0,-0.64,26.0
2,2432,0.0,-0.64,26.0
2,2433,0.0,-0.64,26.0
2,2434,0.0,-0.6,26.0
2,2435,0.0,-0.6,26.0
2,2436,0.0,-0.56,26.0
2,2437,0.0,-0.64,26.0
2,2438,0.0,-0.64,26.0
2,2439,0.0,-0.64,26.0
2,2440,0.0,-0.64,26.0
2,2441,0.0,-0.6,26.0
2,2442,0.0,-0.6,26.0
2,2443,0.0,-0.6,26.0
2,2444,0.0,-0.68,26.0
2,2445,0.0,-0.6,26.0
2,2446,0.0,-0.68,26.0
2,2447,0.0,-0.64,26.0
2,2448,0.0,-0.68,26.0
2,2449,0.0,-0.64,26.0
2,2450,0.0,-0.56,26.0
2,2451,0.0,-0.6,26.0
2,2452,0.0,-0.6,26.0
2,2453,0.0,-0.64,26.0
2,2454,0.0,-0.64,26.0
2,2455,0.0,-0.6,26.0
2,2456,0.0,-0.68,26.0
2,2457,0.0,-0.56,26.0
2,2458,0.0,-0.6,26.0
2,2459,0.0,-0.64,26.0
2,2460,0.0,-0.68,26.0
2,2461,0.0,-0.6,26.0
2,2462,0.0,-0.6,26.0
2,2463,0.0,-0.6,26.0
2,2464,0.0,-0.6,26.0
2,2465,0.0,-0.64,26.0
2,2466,0.0,-0.68,26.0
2,2467,0.0,-0.6,26.0
2,2468,0.0,-0.64,26.0
2,2469,0.0,-0.6,26.0
2,2470,0.0,-0.68,26.0
2,2471,0.0,-0.6,26.0
2,2472,0.0,-0.72,26.0
2,2473,0.0,-0.64,26.0
2,2474,0.0,-0.56,26.0
2,2475,0.0,-0.64,26.0
2,2476,0.0,-0.6,26.0
2,2477,0.0,-0.56,26.0
2,2478,0.0,-0.64,26.0
2,2479,0.0,-0.68,26.0
2,2480,0.0,-0.72,26.0
2,2481,0.0,-0.6,26.0
2,2482,0.0,-0.64,26.0
2,2483,0.0,-0.6,26.0
2,2484,0.0,-0.6,26.0
2,2485,0.0,-0.68,26.0
2,2486,0.0,-0.64,26.0
2,2487,0.0,-0.48,26.0
2,2488,0.0,-0.68,26.0
2,2489,0.0,-0.68,26.0
2,2490,0.0,-0.6,26.0
2,2491,0.0,-0.72,26.0
2,2492,0.0,-0.56,26.0
2,2493,0.0,-0.64,26.0
2,2494,0.0,-0.64,26.0
2,2495,0.0,-0.64,26.0
2,2496,0.0,-0.6,26.0
2,2497,0.0,-0.64,26.0
2,2498,0.0,-0.68,26.0
2,2499,0.0,-0.64,26.0
2,2500,0.0,-0.64,26.0
2,2501,0.0,-0.64,26.0
2,2502,0.0,-0.6,26.0
2,2503,0.0,-0.68,26.0
2,2504,0.0,-0.56,26.0
2,2505,0.0,-0.64,26.0
2,2506,0.0,-0.72,26.0
2,2507,0.0,-0.64,26.0
2,2508,0.0,-0.64,26.0
2,2509,0.0,-0.64,26.0
2,2510,0.0,-0.64,26.0
2,2511,0.0,-0.6,26.0
2,2512,0.0,-0.6,26.0
2,2513,0.0,-0.6,26.0
2,2514,0.0,-0.68,26.0
2,2515,0.0,-0.64,26.0
2,2516,0.0,-0.6,26.0
2,2517,0.0,-0.64,26.0
2,2518,0.0,-0.6,26.0
2,2519,0.0,-0.6,26.0
2,2520,0.0,-0.56,26.0
2,2521,0.0,-0.64,26.0
2,2522,0.0,-0.64,26.0
2,2523,0.0,-0.56,26.0
2,2524,0.0,-0.6,26.0
2,2525,0.0,-0.68,26.0
2,2526,0.0,-0.64,26.0
2,2527,0.0,-0.64,26.0
2,2528,0.0,-0.68,26.0
2,2529,0.0,-0.6,26.0
2,2530,0.0,-0.64,26.0
2,2531,0.0,-0.64,26.0
2,2532,0.0,-0.6,26.0
2,2533,0.0,-0.52,26.0
2,2534,0.0,-0.56,26.0
2,2535,0.0,-0.6,26.0
2,2536,0.0,-0.6,26.0
2,2537,0.0,-0.68,26.0
2,2538,0.0,-0.6,26.0
2,2539,0.0,-0.56,26.0
2,2540,0.0,-0.68,26.0
2,2541,0.0,-0.64,26.0
2,2542,0.0,-0.72,26.0
2,2543,0.0,-0.52,26.0
2,2544,0.0,-0.52,26.0
2,2545,0.0,-0.68,26.0
2,2546,0.0,-0.6,26.0
2,2547,0.0,-0.6,26.0
2,2548,0.0,-0.64,26.0
2,2549,0.0,-0.68,26.0
2,2550,0.0,-0.6,26.0
2,2551,0.0,-0.6,26.0
2,2552,0.0,-0.68,26.0
2,2553,0.0,-0.64,26.0
2,2554,0.0,-0.56,26.0
2,2555,0.0,-0.72,26.0
2,2556,0.0,-0.68,26.0
2,2557,0.0,-0.6,26.0
2,2558,0.0,-0.68,26.0
2,2559,0.0,-0.6,26.0
2,2560,0.0,-0.64,26.0
2,2561,0.0,-0.64,26.0
2,2562,0.0,-0.6,26.0
2,2563,0.0,-0.6,26.0
2,2564,0.0,-0.72,26.0
2,2565,0.0,-0.6,26.0
2,2566,0.0,-0.64,26.0
2,2567,0.0,-0.6,26.0
2,2568,0.0,-0.68,26.0
2,2569,0.0,-0.64,26.0
2,2570,0.0,-0.68,26.0
2,2571,0.0,-0.64,26.0
2,2572,0.0,-0.6,26.0
2,2573,0.0,-0.6,26.0
2,2574,0.0,-0.68,26.0
2,2575,0.0,-0.56,26.0
2,2576,0.0,-0.68,26.0
2,2577,0.0,-0.6,26.0
2,2578,0.0,-0.6,26.0
2,2579,0.0,-0.68,26.0
2,2580,0.0,-0.6,26.0
2,2581,0.0,-0.72,26.0
2,2582,0.0,-0.56,26.0
2,2583,0.0,-0.68,26.0
2,2584,0.0,-0.64,26.0
2,2585,0.0,-0.68,26.0
2,2586,0.0,-0.64,26.0
2,2587,0.0,-0.64,26.0
2,2588,0.0,-0.64,26.0
2,2589,0.0,-0.6,26.0
2,2590,0.0,-0.48,26.0
2,2591,0.0,-0.68,26.0
2,2592,0.0,-0.6,26.0
2,2593,0.0,-0.68,26.0
2,2594,0.0,-0.64,26.0
2,2595,0.0,-0.6,26.0
2,2596,0.0,-0.64,26.0
2,2597,0.0,-0.68,26.0
2,2598,0.0,-0.72,26.0
2,2599,0.0,-0.68,26.0
2,2600,0.0,-0.64,26.0
2,2601,0.0,-0.64,26.0
2,2602,0.0,-0.6,26.0
2,2603,0.0,-0.6,26.0
2,2604,0.0,-0.56,26.0
2,2605,0.0,-0.76,26.0
2,2606,0.0,-0.56,26.0
2,2607,0.0,-0.64,26.0
2,2608,0.0,-0.68,26.0
2,2609,0.0,-0.64,26.0
2,2610,0.0,-0.72,26.0
2,2611,0.0,-0.64,26.0
2,2612,0.0,-0.6,26.0
2,2613,0.0,-0.64,26.0
2,2614,0.0,-0.64,26.0
2,2615,0.0,-0.6,26.0
2,2616,0.0,-0.6,26.0
2,2617,0.0,-0.6,26.0
2,2618,0.0,-0.56,26.0
2,2619,0.0,-0.64,26.0
2,2620,0.0,-0.6,26.0
2,2621,0.0,-0.68,26.0
2,2622,0.0,-0.6,26.0
2,2623,0.0,-0.6,26.0
2,2624,0.0,-0.56,26.0
2,2625,0.0,-0.56,26.0
2,2626,0.0,-0.72,26.0
2,2627,0.0,-0.68,26.0
2,2628,0.0,-0.68,26.0
2,2629,0.0,-0.64,26.0
2,2630,0.0,-0.68,26.0
2,2631,0.0,-0.64,26.0
2,2632,0.0,-0.64,26.0
2,2633,0.0,-0.56,26.0
2,2634,0.0,-0.6,26.0
2,2635,0.0,-0.64,26.0
2,2636,0.0,-0.68,26.0
2,2637,0.0,-0.6,26.0
2,2638,0.0,-0.64,26.0
2,2639,0.0,-0.56,26.0
2,2640,0.0,-0.6,26.0
2,2641,0.0,-0.64,26.0
2,2642,0.0,-0.6,26.0
2,2643,0.0,-0.72,26.0
2,2644,0.0,-0.56,26.0
2,2645,0.0,-0.6,26.0
2,2646,0.0,-0.64,26.0
2,2647,0.0,-0.68,26.0
2,2648,0.0,-0.6,26.0
2,2649,0.0,-0.56,26.0
2,2650,0.0,-0.72,26.0
2,2651,0.0,-0.68,26.0
2,2652,0.0,-0.64,26.0
2,2653,0.0,-0.68,26.0
2,2654,0.0,-0.52,26.0
2,2655,0.0,-0.64,26.0
2,2656,0.0,-0.6,26.0
2,2657,0.0,-0.68,26.0
2,2658,0.0,-0.6,26.0
2,2659,0.0,-0.68,26.0
2,2660,0.0,-0.6,26.0
2,2661,0.0,-0.64,26.0
2,2662,0.0,-0.64,26.0
2,2663,0.0,-0.64,26.0
2,2664,0.0,-0.52,26.0
2,2665,0.0,-0.6,26.0
2,2666,0.0,-0.68,26.0
2,2667,0.0,-0.6,26.0
2,2668,0.0,-0.64,26.0
2,2669,0.0,-0.64,26.0
2,2670,0.0,-0.6,26.0
2,2671,0.0,-0.64,26.0
2,2672,0.0,-0.56,26.0
2,2673,0.0,-0.6,26.0
2,2674,0.0,-0.64,26.0
2,2675,0.0,-0.64,26.0
2,2676,0.0,-0.64,26.0
2,2677,0.0,-0.68,26.0
2,2678,0.0,-0.56,26.0
2,2679,0.0,-0.72,26.0
2,2680,0.0,-0.64,26.0
2,2681,0.0,-0.56,26.0
2,2682,0.0,-0.52,26.0
2,2683,0.0,-0.6,26.0
2,2684,0.0,-0.64,26.0
2,2685,0.0,-0.68,26.0
2,2686,0.0,-0.64,26.0
2,2687,0.0,-0.56,26.0
2,2688,0.0,-0.56,26.0
2,2689,0.0,-0.56,26.0
2,2690,0.0,-0.64,26.0
2,2691,0.0,-0.6,26.0
2,2692,0.0,-0.56,26.0
2,2693,0.0,-0.68,26.0
2,2694,0.0,-0.64,26.0
2,2695,0.0,-0.6,26.0
2,2696,0.0,-0.56,26.0
2,2697,0.0,-0.64,26.0
2,2698,0.0,-0.68,26.0
2,2699,0.0,-0.68,26.0
2,2700,0.0,-0.6,26.0
2,2701,0.0,-0.64,26.0
2,2702,0.0,-0.64,26.0
2,2703,0.0,-0.68,26.0
2,2704,0.0,-0.72,26.0
2,2705,0.0,-0.56,26.0
2,2706,0.0,-0.6,26.0
2,2707,0.0,-0.6,26.0
2,2708,0.0,-0.64,26.0
2,2709,0.0,-0.6,26.0
2,2710,0.0,-0.6,26.0
2,2711,0.0,-0.64,26.0
2,2712,0.0,-0.64,26.0
2,2713,0.0,-0.72,26.0
2,2714,0.0,-0.64,26.0
2,2715,0.0,-0.6,26.0
2,2716,0.0,-0.6,26.0
2,2717,0.0,-0.64,26.0
2,2718,0.0,-0.6,26.0
2,2719,0.0,-0.6,26.0
2,2720,0.0,-0.6,26.0
2,2721,0.0,-0.56,26.0
2,2722,0.0,-0.64,26.0
2,2723,0.0,-0.6,26.0
2,2724,0.0,-0.64,26.0
2,2725,0.0,-0.64,26.0
2,2726,0.0,-0.6,26.0
2,2727,0.0,-0.6,26.0
2,2728,0.0,-0.6,26.0
2,2729,0.0,-0.64,26.0
2,2730,0.0,-0.6,26.0
2,2731,0.0,-0.56,26.0
2,2732,0.0,-0.64,26.0
2,2733,0.0,-0.68,26.0
2,2734,0.0,-0.76,26.0
2,2735,0.0,-0.64,26.0
2,2736,0.0,-0.64,26.0
2,2737,0.0,-0.6,26.0
2,2738,0.0,-0.56,26.0
2,2739,0.0,-0.6,26.0
2,2740,0.0,-0.68,26.0
2,2741,0.0,-0.64,26.0
2,2742,0.0,-0.72,26.0
2,2743,0.0,-0.64,26.0
2,2744,0.0,-0.6,26.0
2,2745,0.0,-0.64,26.0
2,2746,0.0,-0.64,26.0
2,2747,0.0,-0.6,26.0
2,2748,0.0,-0.6,26.0
2,2749,0.0,-0.6,26.0
2,2750,0.0,-0.6,26.0
2,2751,0.0,-0.56,26.0
2,2752,0.0,-0.6,26.0
2,2753,0.0,-0.6,26.0
2,2754,0.0,-0.6,26.0
2,2755,0.0,-0.64,26.0
2,2756,0.0,-0.6,26.0
2,2757,0.0,-0.68,26.0
2,2758,0.0,-0.6,26.0
2,2759,0.0,-0.68,26.0
2,2760,0.0,-0.6,26.0
2,2761,0.0,-0.64,26.0
2,2762,0.0,-0.64,26.0
2,2763,0.0,-0.6,26.0
2,2764,0.0,-0.72,26.0
2,2765,0.0,-0.64,26.0
2,2766,0.0,-0.68,26.0
2,2767,0.0,-0.52,26.0
2,2768,0.0,-0.6,26.0
2,2769,0.0,-0.68,26.0
2,2770,0.0,-0.68,26.0
2,2771,0.0,-0.6,26.0
2,2772,0.0,-0.64,26.0
2,2773,0.0,-0.64,26.0
2,2774,0.0,-0.64,26.0
2,2775,0.0,-0.72,26.0
2,2776,0.0,-0.68,26.0
2,2777,0.0,-0.56,26.0
2,2778,0.0,-0.6,26.0
2,2779,0.0,-0.72,26.0
2,2780,0.0,-0.64,26.0
2,2781,0.0,-0.6,26.0
2,2782,0.0,-0.6,26.0
2,2783,0.0,-0.64,26.0
2,2784,0.0,-0.6,26.0
